{"cameraMode":{"drawMode":0,"name":"Shaded","section":"Shading Mode"},"sceneLighting":true,"audioPlay":false,"sceneViewState":{"m_AlwaysRefresh":false,"showFog":true,"showSkybox":true,"showFlares":true,"showImageEffects":true,"showParticleSystems":true,"showVisualEffectGraphs":true,"m_FxEnabled":true},"in2DMode":false,"pivot":{"x":-1.1738171577453614,"y":2.959099769592285,"z":-50.86183547973633},"rotation":{"x":-0.006506594363600016,"y":0.6646122336387634,"z":0.005758708342909813,"w":0.7472311854362488},"size":3.9051246643066408,"orthographic":false}