{"cameraMode":{"drawMode":0,"name":"Shaded","section":"Shading Mode"},"sceneLighting":true,"audioPlay":false,"sceneViewState":{"m_AlwaysRefresh":false,"showFog":true,"showSkybox":true,"showFlares":true,"showImageEffects":true,"showParticleSystems":true,"showVisualEffectGraphs":true,"m_FxEnabled":true},"in2DMode":false,"pivot":{"x":-3.5748209953308107,"y":11.604310035705567,"z":309.2631530761719},"rotation":{"x":0.26124754548072817,"y":-0.013830780051648617,"z":0.003826270578429103,"w":0.9652966260910034},"size":10.451733589172364,"orthographic":false}