{"cameraMode":{"drawMode":0,"name":"Shaded","section":"Shading Mode"},"sceneLighting":true,"audioPlay":false,"sceneViewState":{"m_AlwaysRefresh":false,"showFog":true,"showSkybox":true,"showFlares":true,"showImageEffects":true,"showParticleSystems":true,"showVisualEffectGraphs":true,"m_FxEnabled":true},"in2DMode":false,"pivot":{"x":7.185818195343018,"y":14.87304973602295,"z":-7.658567905426025},"rotation":{"x":0.4706135094165802,"y":-0.05071922764182091,"z":0.027106955647468568,"w":0.8805919289588928},"size":25.101734161376954,"orthographic":false}