{"cameraMode":{"drawMode":0,"name":"Shaded","section":"Shading Mode"},"sceneLighting":true,"audioPlay":false,"sceneViewState":{"m_AlwaysRefresh":false,"showFog":true,"showSkybox":true,"showFlares":true,"showImageEffects":true,"showParticleSystems":true,"showVisualEffectGraphs":true,"m_FxEnabled":true},"in2DMode":false,"pivot":{"x":-6.963294506072998,"y":31.372570037841798,"z":15.527740478515625},"rotation":{"x":-0.23745179176330567,"y":0.06608918309211731,"z":-0.016194595023989679,"w":-0.9690122008323669},"size":12.664704322814942,"orthographic":false}