{"cameraMode":{"drawMode":0,"name":"Shaded","section":"Shading Mode"},"sceneLighting":true,"audioPlay":false,"sceneViewState":{"m_AlwaysRefresh":false,"showFog":true,"showSkybox":true,"showFlares":true,"showImageEffects":true,"showParticleSystems":true,"showVisualEffectGraphs":true,"m_FxEnabled":true},"in2DMode":false,"pivot":{"x":9.739474296569825,"y":-3.529844284057617,"z":-40.79993438720703},"rotation":{"x":-0.3015551269054413,"y":-0.004027889110147953,"z":0.001255293725989759,"w":-0.9534931182861328},"size":22.305526733398439,"orthographic":false}